帳號,密碼,真實/模擬,級別,開戶日期
81136730,abc123,真實,標準,2020-12-17
81136734,abc123,真實,標準,2020-12-17
81136736,abc123,真實,標準,2020-12-17
81136739,abc123,真實,標準,2020-12-17
81136740,abc123,真實,標準,2020-12-17
81136741,abc123,真實,標準,2020-12-17
81136753,abc123,真實,標準,2020-12-18
81136754,abc123,真實,標準,2020-12-18
81136755,abc123,真實,標準,2020-12-18
81136756,abc123,真實,標準,2020-12-18
81136757,abc123,真實,標準,2020-12-18
81136758,abc123,真實,標準,2020-12-18
81136759,abc123,真實,標準,2020-12-18
81136760,abc123,真實,標準,2020-12-18
81136761,abc123,真實,標準,2020-12-18
